Q-code,Label
Q0,Q0
Q1004210,bullaun
Q101971,wart
Q104264292,Westcourt South
Q104264320,Dukesmeadows
Q104264337,Listerlin
Q104264338,Aughkiletaun
Q104264348,Cotterellsbooly
Q104264360,Bayswell
Q104264375,Baunballinlough
Q104264390,Grangefertagh
Q104264421,Rathlogan
Q104264439,Boggan
Q104264441,Skeaghcroum
Q104264454,Kildrinagh
Q104264478,Clomantagh Lower
Q104264481,Tubbrid Upper
Q104264497,Kilbraghan
Q104264500,Kyleballynamoe
Q104264540,Pottlerath
Q104264555,Oldcastle Lower
Q104264600,Tullaroan
Q104264662,Tobernapeastia
Q104264678,Kiltrassy
Q104264685,Kylenaskeagh
Q104264699,Clontubbrid
Q104264708,Baunta Commons
Q104264715,Kilminnick West
Q104264718,Knockroe
Q104264731,Mill Island
Q104264740,Brabstown
Q104264753,Knockroe
Q104264803,Glencommaun
Q104264804,Killonerry
Q104264818,Castletown
Q104264838,Coolaghmore
Q104264842,Kilballykeefe
Q104264857,Kilmacoliver
Q104264885,Tibberaghny
Q104264933,Riesk
Q104264941,Rathbeagh
Q104264950,Tullamaine (Ashbrook)
Q104264971,Desart Demesne
Q104264975,Toberbreedia
Q104264985,Owning
Q104265004,Rossdama
Q104265041,Rogerstown
Q104265054,Castle Eve
Q104265087,Tinnalintan
Q104265095,Castlemarket
Q104265111,Kilmanahin
Q104265119,Conahy
Q104265131,Kildalton
Q104265132,Fiddown
Q104265148,Foulksrath
Q104265152,Garryduff
Q104265176,Ovenstown
Q104265195,Newtown (Shea)
Q104265200,Castleinch or Inchyolaghan
Q104265202,Dunnamaggan West
Q104265225,Mullenbeg
Q104265230,Jenkinstown
Q104265235,Burnchurch
Q104265253,Troyswood
Q104265255,Clonmore
Q104265256,Templeorum
Q104265284,Kilmacar
Q104265308,Kilmogue
Q104265311,Graigavine
Q104265331,Kilmog or Racecourse
Q104265337,Ballyrafton
Q104265348,Garrynamann Lower
Q104265371,Jamesgreen
Q104265424,Sheepstown
Q104265431,Afaddy
Q104265435,Gardens
Q104265443,Portnascully
Q104265473,Donaguile
Q104265497,Gardens
Q104265537,Ballygorey
Q104265543,Rathkieran
Q104265569,Kilkeasy
Q104265579,Kiltown
Q104265585,Garrygaug
Q104265588,Leggetsrath West
Q104265616,Kilmadum
Q104265623,Muckalee
Q104265640,Knocktopher Abbey
Q104265682,Redacres North
Q104265699,Aughatubbrid or Chatsworth
Q104265724,Ardra
Q104265736,Drumgoole
Q104265770,Derrynahinch
Q104265812,Portnahully
Q104265826,Jerpointchurch
Q104265836,Rathcash West
Q104265846,Granny
Q104265855,Clogharinka
Q104265875,Mountnugent Lower
Q104265878,John's Well
Q104265893,Kilmagar
Q104265954,Croghtenclogh
Q104266023,Mullennakill
Q104266052,Grangehill
Q104266134,Earlsbog Commons
Q104266184,Kilmacshane
Q104266220,Inistioge
Q104266227,Davidstown
Q104266239,Kilmurry
Q104266248,Cappagh
Q104266262,Kilbride
Q104266270,Kilcross
Q104266315,Flemingstown
Q104266318,Kilkieran
Q104266335,Grange Lower
Q104266348,Clonamery
Q104266356,Ballyneale
Q104266362,Rathinure
Q104266381,Carrickcloney
Q104266383,Tikerlevan
Q104266435,Shanbogh Upper
Q104266439,Barrowmount
Q104266457,Pollagh
Q104266487,Farrantemple
Q104266524,Carranroe Upper
Q104266527,Brandondale
Q104266544,Ullard
Q104266559,Kilconnelly
Q104271216,Donaghmore
Q1048506,River Nore
Q1049799,water resource
Q105889895,religious site
Q106813818,oral history
Q10713454,water source
Q107194475,spout
Q107257053,clootie tree
Q10874,blindness
Q10884,tree
Q109092,Kilkenny
Q1110134,Colmán of Lindisfarne
Q111286333,location of worship
Q1131989,Gowran
Q1133742,Cainnech of Aghaboe
Q114439798,Kenny's Well
Q1146843,anchorite
Q116166792,The History and Antiquities of the Diocese of Ossory II
Q116690389,GSGS 3906
Q1188398,flagstone
Q120966194,Historic Environment Viewer (Ireland)
Q120968926,Patrick M. Egan: The illustrated guide to the city and county of Kilkenny
Q121840779,St. Lachtain's Well
Q121842432,Saint Fiachra's Well
Q12204,tuberculosis
Q122114442,Church Well
Q122169828,Toberpatrick
Q122189562,Saint Augustine's Well
Q122222699,Toberbride
Q122258856,Saint Columbkille's Well
Q122258894,Saint Fiacre's Well
Q122258906,Lady's Well
Q122258940,Toberbride
Q122258994,Saint Scoheen's Well
Q122302328,Tober Muire
Q122302608,St. Kieran’s Well
Q122302960,Tubbernamuchthee
Q122303248,Church Well
Q122303936,Saint Luke's Well
Q122304309,Saint Molin's Well (Mullennakill)
Q122304728,Toberkyle
Q122306022,Tobermolua
Q122306366,Lady's Well
Q122307282,Angel's Well
Q122307310,Tobar na súl
Q122307327,St. Monchin’s Well
Q122307353,Saint Kieran's Well
Q124714,spring
Q126374490,Trinity Well
Q126374601,O'Kelly: The Place-Names of County Kilkenny
Q126380347,Cruckny Well
Q126385950,Lady's Well
Q126388499,Our Lady's Well
Q126393245,The Schools' Collection
Q126435825,Saint Brendan's Well
Q126436485,Saint Brigid's Well
Q126438084,Holy Trinity Well
Q126442215,Well of the Virgin
Q126443332,Holy Well Semantic Concept
Q126443543,Toberpatrick
Q126445800,Saint Dallan's Well
Q126447016,Bastionfort Well
Q126448411,Saint Colman's Well
Q126448724,Our Lady's Well
Q126449613,Tobercanice
Q126454380,St Mary's Well
Q126454393,Monastery Well
Q126454405,St. Finan's Well
Q126454422,St Leonard's Well
Q126454436,Cáit Ryder's Well
Q126454444,Well of the Rags
Q126454465,The History and Antiquities of the Diocese of Ossory III
Q126454471,St. Bridget's Well
Q126454486,Well of the head
Q126454603,St. Mogue's Well
Q126454685,Priest's Well
Q126454692,St Michael's Well
Q126454720,Tubber a' Teampuill
Q126454730,Tree well
Q126454746,Tobernabrone
Q126454785,Tobernapeastia
Q126454804,Saint Elakan's Well
Q126454823,St Patrick's Well
Q126454844,Lady's Well
Q126454857,Toberelleen
Q126454878,Patron Well
Q126454901,St Paul's Well
Q126454954,St. Michael's Well
Q126456399,St. Kieran's Well
Q126456421,The History and Antiquities of the Diocese of Ossory IV
Q126456441,Columbkille's Well
Q126456468,Holy Cross well
Q126456487,Well of the Festival
Q126456561,St. John's Well
Q126456648,Tobernagolumb
Q126456660,Toberatoo
Q126456893,St Kieran's Well
Q126456933,Easter Well
Q126458702,St. Nicholas's Well (Killamery)
Q126459109,Tobernagloghlin
Q126459695,Tobermurry
Q126460137,St. Cuan's Well
Q126460326,Toberenan
Q126461036,St. James's Well
Q126472816,St. Berchan's Well
Q126472909,Trinity Well
Q126472933,St. James's Well
Q126472950,Well of the Tree
Q126472968,Toberacluggeen
Q126472997,Tobernakill
Q126473028,Tobernakill
Q126473043,Tobernadaun
Q126473056,"Rev. J. Holahan: Notes on the antiquities of the united parishes of Ballycallan, Kilmanagh & Killaloe"
Q126473089,Transactions of the Ossory Archaeological Society
Q126473306,Aughkiletaun Holy Well
Q126473440,Q126473440
Q126473935,Toberboy
Q126474220,Tobernadean
Q126474430,Cody's Well
Q126474583,St. Catherine's Well
Q126474774,St John's Well
Q126474972,Letters containing information relative to the antiquities of the county of Kilkenny collected during the progress of the Ordnance Survey in 1839
Q126475983,Spa Well
Q126476470,Tobermurry
Q126476487,St Rioch's Well
Q126476500,St. Brendan's Well
Q126476510,Mary's Well
Q126476522,St. Martin's Well
Q126476536,St. Francis's Well
Q126478162,St. Fintan's Well
Q126478185,Hermit's Well
Q126478219,Lady's Well
Q126478257,St. Faghtna's Well
Q126478330,Tobar Neaska
Q126478389,Lady's Well
Q126478427,Tubbrid Holy Well
Q126478438,Toberpatrick
Q126478455,Felix's Well
Q126478471,St. David's Well
Q126478483,Tobernamonine
Q126478503,St. Mocuille's Well
Q126478549,Well of the Virgin
Q126478564,Tobernaraha
Q126485841,Knockroe holy well
Q126485854,St. Bridget’s Well
Q126485868,Maon's Well
Q126485951,St. Margaret's Well
Q126485966,Q126485966
Q126485974,Q126485974
Q126486012,St. Nicholas's Well
Q126486052,Thibberawling
Q126486113,Tobernaskeagh
Q126486229,Wart Well
Q126486274,John's Well
Q126486300,St Thomas' Well
Q126486539,St Rosentha's well
Q126486548,Glory
Q126486675,Holy Cross Well
Q126487120,St Coleman's Well
Q126487167,Saint Molagga's Well
Q126487303,Saint Andrew's Well
Q126487358,St Brigid's Well
Q126487395,Saint Brigid's Well
Q126487405,Saint Patrick's Well
Q126487430,Saint Moling’s Well
Q126489046,Saint Moling's Well
Q126489560,St. Kieran's Well
Q126490531,Q126490531
Q126491081,Well of the Rags
Q126491170,Q126491170
Q126499565,Tobar Muire
Q126507417,Q126507417
Q126527039,Mary's Well
Q126528008,6 Inch First Edition Ordnance Survey map of Ireland
Q126540348,25 inch mapping series (Ireland)
Q126555558,6 Inch Last Edition Ordnance Survey map of Ireland
Q126617074,Our Lady's Well
Q126640856,Tobar Philib
Q126643252,Q126643252
Q126644654,St. Patrick’s well
Q126645328,Q126645328
Q126646306,Lady’s Well
Q126647640,Well of the rags
Q126648035,St. Synan’s Well
Q126649228,Lacken Well
Q126655791,Caereeachth Well
Q126657210,St. David's Well
Q126661717,Tubberafauna
Q126662780,St Broondhawn's Well
Q126664812,St. Kieran's holy well
Q126665980,St. Kieran's holy well
Q126678913,Tubbernacruchnee
Q126678959,Tubbernacrusha
Q126680965,St. Nicholas's Well
Q126681001,Tubberphawdhrig
Q126681256,St Briget's Well
Q126685062,Lacken Well
Q126685172,St. Kieran's well
Q126685288,John Locke: The Old Abbey Well
Q126689104,Gardens
Q126690925,Kilbride River
Q126698081,Mill Island Mill Race
Q126701362,"The diary of an Irish countryman, 1827-1835"
Q126871352,Q126871352
Q126875543,Q126875543
Q126876178,Broochgarrig
Q126878516,St. Michael's Well
Q126879339,Ballyda Holy Well
Q126880147,Ballyneale Holy Well
Q126880801,St. Lawrence’s Well
Q126881319,Ballyreddy Holy Well
Q126888497,St. Patrick’s Well
Q126888518,Tubber na Cruchthanee
Q126888633,Q126888633
Q126888828,Lady’s Well
Q126889963,Clogharinka Holy Well
Q126890019,Clonmore Holy Well
Q126890179,St. Mary’s Well
Q126891080,Derrynahinch Holy Well
Q126891133,Donaguile Well
Q126891207,St. Patrick’s Well
Q126891250,Nanny’s Well
Q126903104,Liber primus Kilkenniensis
Q126903155,Garryduff Holy Well
Q126908400,Tubberathoggarth
Q126908453,Glenmore
Q126908675,St. Berchan's Well
Q126908814,Q126908814
Q126910577,Kildalton Holy Well
Q126917635,Briagoyne
Q126917639,Q126917639
Q126918872,Kilfane Holy Well
Q126918993,Kilkeasy Holy Well
Q126919152,Tubberkilkierawn
Q126919273,Friar's Well
Q126919343,Tobar Brigid
Q126919511,Toberachreen
Q126919579,St. Mogarra’s Well
Q126923120,Kilmog Holy Well
Q126923187,Kilmogue Holy Well
Q126923572,Maudlin Holy Well
Q126923720,Muckalee Holy Well
Q126928234,Templeorum Well
Q126946350,Lady's Well
Q126946514,Cloghvickree
Q126946657,St. Philomena’s Well
Q126949259,Rathlogan Holy Well
Q126949628,Riesk Holy Well
Q126949787,Rossdama holy well
Q126949808,Loughman’s Well
Q127047665,Carranroe holy well
Q127048193,Saint Laurence's Well
Q127278423,Facsimile Edition of Kilkenny City and County Guide and Directory
Q127278549,Nooks and Corners of County Kilkenny by Paris Anderson
Q127278616,Pages of Kilkenny's Story written by May Sparks with Drawings by Eric Bligh
Q127432104,John Joyce: Graiguenamanagh: A Town And Its People
Q127433772,Graigue holy well
Q127524368,1871 Ordnance Survey map of Ireland
Q127605637,Irish Tourist Association Photographic Collection
Q127605912,Kilkenny Its Architecture and History
Q127606032,Joseph C. O'Carroll: Historic Kilkenny
Q127619817,"Kilkenny: The Ancient City of Ossory, The Seat of Its Kings, The See of Its Bishops and the Site of Its Cathedral by John Hogan, Mayor of Kilkenny, 1883"
Q127691937,Kilkenny Its Architecture and History (1977)
Q1277655,Dallán Forgaill
Q127813016,"Denis O'Carroll: Historical Sketches of the parishes of Castlecomer, Ballyragget, Connahy, Muckalee & Clogh with Householders'  Directory, Songs, Poems and Reminiscence, &c."
Q127815620,Mary Tallent: On the Banks of the Nore
Q127816174,Kilkenny Journal
Q127818015,"All Saints Church, Newtown"
Q127818587,"History of Thomastown and District, 2nd edition"
Q127869275,The Echo of Familiar Voices
Q128033900,"An Historical Survey of St. John's, Kilkenny"
Q128034009,The History and Antiquities of the Parish of Dunnamaggan in the Diocese of Ossory
Q128034982,Colm O Cochlain: Kyteler's Inn (1987)
Q128144530,St Thomas' Well
Q128234462,Graiguenamanagh Abbey
Q128304583,The Happy Valley
Q128304747,Parish of Templeorum a historical miscellany
Q128305997,"Callan County Kilkenny (A Short Guide to Its History, Monuments and People)"
Q128306212,The Parish of Ballyragget Diocese of Ossory
Q128308754,"Tullamaine, Newtown & Mallardstown History & Heritage"
Q128609273,Kilkenny City & County
Q128611740,750 Years of the Black Abbey 1225-1975
Q128613270,Pat Tynan: Kilkenny History & Guide
Q128694249,Seán Swayne: The Old Grey Mouse
Q128694385,James Murphy: Rosbercon Parish - a history in song & story
Q128799983,History of Thomastown and District (1953)
Q129086114,Christopher Walshe: A Place of Memories
Q129086805,Kathleen Laffan: The History of Kilmacow
Q129088050,Walter McDonald: History of the Parish of Mooncoin
Q129176807,Grange Gráinseach
Q129181072,Eleanor Cantwell: Threecastles
Q129263926,Holy Well
Q129263929,Estate map Edward Hunt Esq 1855
Q129333352,Tom Lyng: Castlecomer Connections (1984)
Q129348459,Spa Well
Q129407299,Aber & Clements map of Galmoy
Q129410186,Margaret Hayes: Halfway Between Dublin and Cork
Q129421697,1927 Ordnance Survey map of Kilkenny
Q129423431,1815 John Coghill Estate map
Q129570937,Celeste Ray/ Finbar McCormick: Holy Wells of Ireland - Sacred Realms and Popular Domains
Q129571698,"Historical, Social and Pictoral Sketches of Freshford"
Q129833398,Q129833398
Q129834133,Q129834133
Q129834572,Q129834572
Q129836610,Q129836610
Q129839662,Q129839662
Q129903535,Q129903535
Q129905816,Q129905816
Q129906303,St. Canice's Well
Q129907246,Q129907246
Q129907831,Q129907831
Q129914816,Q129914816
Q129916785,Q129916785
Q129918417,Q129918417
Q129919689,Q129919689
Q129920399,Q129920399
Q129992765,Q129992765
Q129994261,Q129994261
Q129996423,Q129996423
Q129997144,Q129997144
Q129997565,Q129997565
Q129998019,Q129998019
Q130129244,"John Meagher: Conahy, 1998"
Q130138050,Q130138050
Q130139598,Q130139598
Q130140078,Q130140078
Q130140226,Q130140226
Q130223691,Q130223691
Q130223793,Q130223793
Q130223869,Q130223869
Q130223884,Q130223884
Q130235138,Q130235138
Q130235176,Q130235176
Q130235257,Q130235257
Q130235307,Q130235307
Q130241076,Q130241076
Q130245242,James & Noel Ryan: Windgap - Its History and Heritage (2022)
Q130265580,"Bruce Misstear: Wells and Wellbeing - The Hydrogeology of Irish Holy Wells, 2023"
Q130265908,"Alan Counihan/ Dearbhala Ledwidge: Meitheal na bPáirceanna - The Kilkenny Field Name Recording Project, 2016"
Q130265942,The Kilkenny Field Name Recording Project
Q130266394,"Michael Delaney: Holy Wells, in: Deenside, April 1967, p. 5"
Q130266414,St Fintan's Well
Q130266513,St Kieran's Well
Q130266563,Q130266563
Q130266693,Q130266693
Q130266736,"The Holy Well, in: Deenside, June 1964, p. 10"
Q130266782,"Ladywell, in: Deenside, September 1965, p. 6"
Q130266854,"Michael Delaney: Ladywell, in: Deenside, July-August 1966, p. 16"
Q130266875,"Eamonn Brennan: Old Tradition Revived, in: Deenside, Autumn 1980, p. 1"
Q130284129,6 inch Second Edition Ordnance Survey map of County Kilkenny
Q130294561,Kathleen Holohan: St. Moling - Patron Saint of Tullogher-Rosbercon
Q130308814,"Dermot & Julie Dorgan: Ladywell, Kilkenny 2008"
Q130313770,Friday Well
Q130313951,Dowlings Spring
Q130313956,Lodge Well
Q130314047,Tubberkillen
Q130314367,Mooncoin
Q130323519,"John J. Dunleavy: A Short History of Paulstown, 2007"
Q130323783,"Oxford Archaeology: Newtown Jerpoint County Kilkenny, Heritage Conservation Plan 11, 2007"
Q130323815,Hunt Estate map of c. 1780
Q130352573,Q130352573
Q130356838,May Sparks: Lowergrange: Its Mass Bush and Holy Well
Q130361231,Tullaherin Holy Well
Q130362406,Q130362406
Q130362725,Q130362725
Q130372700,Q130372700
Q130377925,Q130377925
Q130378020,Q130378020
Q130378225,Q130378225
Q130378388,Q130378388
Q130386158,Q130386158
Q130386655,Q130386655
Q130393656,"P. O'Leary: Ullard Illustrated (Read at Meeting of Antiquaries, May 3rd, 1911)"
Q130458689,"Ronald P. Larkin: The Road to Knockeenbaun covering the Three Ancient Parishes of Kilmanagh, Killaloe and Ballycallan Diocese of Ossory County Kilkenny, Kilmanagh 2002"
Q130471945,"May Sparks and Eric Bligh: Kilkenny Pen and Picture Pages of Its Story, Kilkenny, 1926"
Q130479296,Q130479296
Q130479429,Saint Declan's Well
Q130485663,"John Keane: Hidden Kilkenny - Knaves, Knights and Norman Abbots, Cork 2013."
Q130486611,"Pádraig Ó Riain: A Dictionary of Irish Saints, Dublin 2011"
Q130531018,Mochuille of Dresnaidh
Q130531057,Modhomhnóg Oilthir
Q130535426,Ríoghnach of Kilrainy
Q130535583,Cuán of Kilcoan
Q130535684,Senán of Laraghbryan
Q130535806,Bearchán of Drumlohan
Q130535826,Náile of Kinawley
Q130536454,"Desmond McCheane: We Grew Up Around Freshford, Freshford 1982"
Q130549605,Colmán of Connahy
Q130634563,"John Joyce, Graiguenamanagh: A Varied Heritage, Graiguenamanagh 2009"
Q131105676,Q131105676
Q131144233,Q131144233
Q131153110,Liber primus Kilkenniensis
Q131192390,"Margaret Quinlan/ Timothy Foley: Saint Lachtain’s Church, Freshford, County Kilkenny. Conservation Plan (The Heritage Council, 2004)"
Q131192961,Q131192961
Q131395980,"Máire B de Paor: Saint Moling Luachra, Dublin 2001"
Q131396044,St. Moling's Well
Q13147,skull
Q131625819,"Shaun Gallagher/ Mary McDaid: Canice: Saint of the Roe Valley, Derry 2000"
Q131625906,St Lowry's Well
Q132241,festival
Q132539,rosary
Q132817615,"Survey of Holy Wells County Kilkenny Phase 1 and Phase 2. A report prepared for Kilkenny County Council Heritage Office as an action of the  Kilkenny Heritage Plan, 2024"
Q132819215,Tober Keeran
Q132853265,Grove holy well
Q132889275,Kellymount Holy Well
Q132889388,Fr. Cloney's Well
Q132891725,Glencoum Holy Well
Q132891751,St. Sylvester's Well
Q132891782,Q132891782
Q133258128,Q133258128
Q133258302,St. Dallan's Well
Q133260886,Q133260886
Q133260965,Canal Walk Well
Q133263165,Q133263165
Q133385130,"Mary O'Shea: Templeorum Church 1814-2014. A Study from pre-historic to 21st century of a rural area in south county Kilkenny, Raheen 2014"
Q133454946,Sunday after August 13th
Q133455066,St. Luke's Well (Mullenbeg)
Q133520241,"Jim Walsh: Sliabh Rua - A History of its People and Places, Kildare 2001."
Q133567306,Tobernaleibe
Q133575033,1946 Ordnance Survey map series of County Kilkenny
Q133704,Martin of Tours
Q133806076,St Longory's Well
Q133809285,"St. Columcille & St. Mary's Graveyard Inscriptions Inistioge, Co. Kilkenny"
Q133861840,Q133861840
Q133861888,Q133861888
Q134511675,Coum
Q134720267,Q134720267
Q134720375,Q134720375
Q1365924,mineral spring
Q1371047,holy well
Q15135589,pilgrimage site
Q15238543,Kings River
Q1543947,quern-stone
Q154502,Midsummer
Q15753377,Journal of the Royal Society of Antiquaries of Ireland
Q161511,Crataegus monogyna
Q165479,Saint Patrick
Q16891442,Freneystown
Q16901766,Tiscoffin
Q16933730,Scuithin
Q16970,church building
Q170028,deception
Q1723890,babbling
Q179718,Catherine of Alexandria
Q180231,County Kilkenny
Q184445,County Offaly
Q184469,County Kerry
Q184594,County Waterford
Q18530405,Mo Laga mac Duib Dligid
Q1861954,Inistioge
Q18674069,Lachtín mac Tarbín
Q1909343,dermatophytosis
Q192208,County Londonderry
Q20624137,Ida
Q20830799,first Sunday in August
Q209542,herd
Q2102,snake
Q21077147,eye pain
Q21196,Easter
Q2150,January 1
Q2151232,townland
Q21925570,eye infection
Q2245442,water pump
Q2273,January 21
Q22731,stone
Q2275,January 22
Q2280421,Ciarán of Saigir
Q2286,January 29
Q22909518,Tibberaghny
Q2312,February 1
Q2323,February 8
Q2333,February 13
Q236326,Columba
Q23640,head
Q2419830,Lorcán Ua Tuathail
Q250370,Brendan of Birr
Q2531,April 25
Q25469578,local knowledge
Q2547,May 3
Q2584,May 24
Q26,Northern Ireland
Q2618,June 9
Q2659,June 29
Q2665,June 24
Q2668,June 23
Q2695,July 6
Q2697141,Saint Colman
Q27,Ireland
Q27139372,Kilbraghan
Q2720,July 25
Q2774,August 15
Q2818,August 30
Q28224604,Gowran
Q2828,August 22
Q2846,September 15
Q29182,bishop
Q2927,October 11
Q2956,October 27
Q297742,Margaret the Virgin
Q2992,November 6
Q3053971,Enda of Aran
Q30589034,Kells
Q3072671,Fintan
Q3308470,Killamery
Q331697,Saint David
Q345,Mary
Q35805,cough
Q37090,Holy Trinity
Q3778145,fulacht fiadh
Q380356,True Cross
Q39050811,Kilmocar
Q404099,Máedóc of Ferns
Q40558,smithy
Q40662,John the Baptist
Q4160459,Johnswell
Q4222952,Clara
Q42603,priest
Q4300418,Mo Ling
Q4301754,Moninne
Q43399,Andrew the Apostle
Q43483,water well
Q43999,"St. James the Elder, Apostle"
Q4421,forest
Q44269,Saint Nicholas
Q446013,pumping station
Q4483352,Féchín of Fore
Q45581,Archangel Michael
Q466428,Philomena
Q47521,stream
Q47524436,swimming area
Q48998249,Red Book of Ossory
Q4927045,Luke
Q51203049,last Friday in July
Q51203119,last Sunday in August
Q51638,Feast of the Ascension
Q5202676,Cín Lae Amhlaoibh
Q541946,Trinity Sunday
Q548320,friar
Q55020794,National Inventory of Architectural Heritage database
Q55299,County Laois
Q558148,Leonard of Noblac
Q56557591,preserved
Q56986634,Bruce D Misstear
Q59419933,Shillelogher
Q59719801,Templeorum
Q59719871,Kilkenny Rural
Q59719925,Goresbridge
Q59719937,Kilfane
Q59719966,Thomastown
Q60552531,Aghaviller
Q60552557,Aglish
Q60553245,Aharney
Q60553341,Attanagh
Q60553357,Balleen
Q60553364,Ballinamara
Q60553414,Ballycallan
Q60553548,Ballytobin
Q60553592,Blanchvilleskill
Q60553607,Borrismore
Q60553644,Burnchurch
Q60553663,Callan
Q60553710,Castlecomer
Q60553754,Clara
Q60553771,Clomantagh
Q60553777,Clonamery
Q60553832,Clonmore
Q60553880,Columbkille
Q60553891,Coolaghmore
Q60553893,Coolcashin
Q60553894,Coolcraheen
Q60553962,Danesfort
Q60554020,Donaghmore
Q60554184,Dunmore
Q60554190,Dunnamaggan
Q60554207,Dysartmoon
Q60554214,Earlstown
Q60554236,Ennisnag
Q60554237,Erke
Q60554288,Fiddown
Q60554307,Freshford
Q60554348,Glashare
Q60554376,Gowran
Q60554378,Graiguenamanagh
Q60554413,Grangemaccomb
Q60554418,Grangesilvia
Q60554507,Inistioge
Q60554519,Jerpointchurch
Q60554520,Jerpointwest
Q60554528,Kells
Q60554626,Kilcolumb
Q60554707,Kilfane
Q60554717,Kilferagh
Q60554958,Kilkeasy
Q60554973,Kilkieran
Q60554999,Killahy
Q60555010,Killaloe
Q60555011,Killamery
Q60555206,Kilmacow
Q60555223,Kilmadum
Q60555225,Kilmaganny
Q60555233,Kilmakevoge
Q60555245,Kilmanagh
Q60555608,Knocktopher
Q60555755,Listerlin
Q60555866,Mallardstown
Q60555894,Mayne
Q60556096,Muckalee
Q60556262,Owning
Q60556288,Pollrone
Q60556294,Portnascully
Q60556298,Powerstown
Q60556343,Rathbeagh
Q60556356,Rathcoole
Q60556394,Rathlogan
Q60556421,Rathpatrick
Q60556473,Rosbercon
Q60556526,Saint Canice
Q60556542,Saint John's
Q60556572,Saint Martin's
Q60556627,Saint Patrick's
Q60556683,Shanbogh
Q60556696,Sheffin
Q60557099,The Rower
Q60557159,Tubbrid
Q60557162,Tubbridbritain
Q60557167,Tullaghanbrogue
Q60557175,Tullaherin
Q60557176,Tullahought
Q60557178,Tullamaine
Q60557179,Tullaroan
Q60557210,Ullard
Q60557215,Urlingford
Q60557241,Whitechurch
Q622223,Finan of Lindisfarne
Q63065035,abandoned
Q6407043,Kilkenny People
Q64077931,Old Kilkenny Review
Q64735653,William Kinsella
Q65347908,Feast of the Assumption of Mary
Q6686215,Loughman
Q676555,Francis of Assisi
Q7242,beauty
Q7269966,Leix
Q7364,eye
Q7386467,Ríoch
Q738988,Ciarán of Clonmacnoise
Q7401223,Saint Fachanan
Q7401926,Moluag
Q7852138,Tullaherin
Q8018,Augustine of Hippo
Q80979,Brigid of Kildare
Q811979,architectural structure
Q839954,archaeological site
Q86,headache
Q873607,Roman Catholic Diocese of Ossory
Q92383,ringfort
Q944588,slope
Q94928901,local knowledge
Q953927,Fiacre
